"","Var2","value","variable"
"1","crate_prevalence",0.193112722721265,"crate_prevalence"
"2","food_conc",0.638652586910455,"food_conc"
"3","food_tc",0.170451317565249,"food_tc"
"4","random_load",0.112842902325037,"random_load"
"5","p_zone4_intro",0.106984385016232,"p_zone4_intro"
"6","p11",0.42755273652589,"p11"
"7","p13",-0.103779151210461,"p13"
"8","p31",0.14029974113407,"p31"
"9","tc11",0.165750756791674,"tc11"
"10","tc13",-0.157929446597265,"tc13"
